access_multiplier,conversion_rate,reachable_opportunity,expected_starts
0.85,0.15,2907512.6970828194,436126.9045624229
0.85,0.25,2907512.6970828194,726878.1742707049
0.85,0.35,2907512.6970828194,1017629.4439789867
1.0,0.15,3420603.173038611,513090.47595579165
1.0,0.25,3420603.173038611,855150.7932596528
1.0,0.35,3420603.173038611,1197211.1105635138
1.15,0.15,3933693.6489944025,590054.0473491603
1.15,0.25,3933693.6489944025,983423.4122486006
1.15,0.35,3933693.6489944025,1376792.7771480407
